cgpa,skills_count,internships,projects,certifications,placed
7.5,7,2,11,4,1
9.8,2,0,3,3,1
8.93,10,4,10,1,1
8.39,2,4,2,0,1
6.62,6,1,3,5,0
6.62,5,3,11,2,1
6.23,14,0,6,6,1
9.46,13,0,10,6,1
8.4,14,2,0,3,1
8.83,14,4,5,1,1
6.08,4,0,2,6,0
9.88,14,4,10,4,1
9.33,7,0,9,6,1
6.85,3,1,6,6,0
6.73,4,3,9,6,1
6.73,6,0,1,7,0
7.22,10,4,1,0,0
8.1,3,1,3,1,0
7.73,11,0,0,4,1
7.16,9,2,2,1,0
8.45,3,3,8,7,1
6.56,12,0,6,3,0
7.17,14,1,6,3,1
7.47,6,2,10,3,1
7.82,8,1,3,5,1
9.14,9,1,1,6,1
6.8,2,2,3,5,0
8.06,7,1,5,0,0
8.37,2,2,10,3,1
6.19,3,0,10,7,0
8.43,2,2,2,4,1
6.68,12,2,0,1,0
6.26,6,3,11,6,1
9.8,11,2,7,2,1
9.86,10,2,11,4,1
9.23,7,0,4,6,1
7.22,12,3,4,5,1
6.39,12,4,10,5,1
8.74,2,0,3,4,1
7.76,14,0,5,5,1
6.49,2,4,2,3,0
7.98,3,2,8,0,0
6.14,10,1,4,1,0
9.64,4,3,2,0,1
7.04,2,1,10,6,1
8.65,6,4,0,1,1
7.25,8,0,9,7,1
8.08,7,0,11,1,1
8.19,13,3,5,0,1
6.74,2,0,1,4,0
9.88,6,0,2,1,1
9.1,6,3,0,7,1
9.76,7,3,8,7,1
9.58,4,4,7,7,1
8.39,6,0,11,0,0
9.69,8,0,1,1,1
6.35,6,4,11,2,1
6.78,6,2,10,4,1
6.18,6,2,7,3,0
7.3,11,2,11,1,1
7.55,11,4,8,7,1
7.09,4,0,0,2,0
9.31,2,4,4,3,1
7.43,6,4,7,3,1
7.12,10,2,10,6,1
8.17,2,1,1,1,0
6.56,4,0,3,0,0
9.21,14,2,6,1,1
6.3,14,1,2,2,0
9.95,5,1,11,3,1
9.09,2,3,4,1,1
6.79,2,0,7,0,0
6.02,9,1,11,6,1
9.26,3,2,9,1,1
8.83,13,3,2,4,1
8.92,9,0,3,6,1
9.09,8,4,8,0,1
6.3,11,2,6,2,0
7.43,11,1,0,3,1
6.46,3,1,11,1,0
9.45,7,2,3,0,1
8.49,7,1,3,6,1
7.32,4,3,8,4,1
6.25,12,0,5,0,0
7.24,3,3,8,5,1
7.3,13,1,11,7,1
8.92,2,4,5,4,1
8.55,7,0,5,6,1
9.55,13,0,4,2,1
7.89,6,2,4,3,1
6.48,12,2,1,6,0
8.85,10,4,7,7,1
9.04,2,0,7,2,1
8.25,8,4,10,1,1
9.08,6,2,0,0,1
7.98,6,2,7,5,1
8.09,3,0,4,4,1
7.71,12,3,1,4,1
6.1,4,1,1,0,0
6.43,8,2,5,5,1
6.13,7,2,10,0,0
8.55,13,3,8,1,1
7.26,3,3,0,7,0
8.03,7,4,11,2,1
9.63,3,4,5,6,1
7.0,3,1,8,4,0
7.64,3,1,7,1,0
9.02,12,0,10,2,1
6.92,4,4,5,1,1
6.31,3,2,2,5,0
7.16,5,4,7,4,1
6.64,10,2,8,6,1
9.72,7,3,0,0,1
9.23,2,4,11,0,1
8.53,9,3,8,2,1
9.49,13,1,5,6,1
9.21,8,1,5,7,1
6.75,11,0,11,3,1
9.57,4,4,3,5,1
8.16,2,3,0,2,0
9.23,6,2,9,3,1
9.58,14,1,7,1,1
7.27,5,1,1,5,0
6.44,11,2,11,1,1
6.91,9,3,0,7,1
7.71,2,3,1,6,0
9.27,11,4,0,4,1
9.44,2,4,0,5,1
6.03,13,0,8,3,0
8.04,5,1,0,7,1
7.67,9,4,3,4,1
6.89,6,3,9,0,1
6.48,3,2,5,3,0
7.35,7,3,6,2,1
9.77,6,1,1,0,1
7.29,3,3,5,7,1
8.08,14,0,6,0,1
8.81,12,1,9,2,1
7.45,12,2,9,5,1
9.89,12,0,1,0,1
9.85,4,1,1,6,1
7.01,10,2,9,3,1
7.99,8,0,6,4,1
7.2,8,0,11,0,0
7.14,12,1,0,3,0
6.15,7,4,7,1,0
8.44,9,0,10,3,1
8.01,5,0,2,4,1
6.21,9,2,10,3,1
7.11,5,3,5,2,1
9.63,9,1,8,7,1
6.96,10,1,5,4,0
6.58,4,4,8,7,1
7.96,4,4,6,5,1
9.94,12,1,8,7,1
6.97,14,4,1,1,1
8.69,3,2,11,2,1
9.05,14,1,7,5,1
6.95,11,4,7,3,1
8.91,4,1,1,4,1
7.47,4,3,11,1,1
8.53,6,0,3,2,0
8.53,6,1,10,5,1
8.14,3,0,6,5,1
6.36,13,4,10,1,1
9.34,11,0,3,6,1
7.28,14,1,3,3,1
6.75,7,3,5,1,0
6.16,6,4,9,5,1
8.36,7,1,5,0,1
8.71,2,4,9,2,1
6.07,6,2,2,1,0
8.05,10,0,8,6,1
6.91,13,2,11,5,1
8.58,11,1,9,3,1
6.7,3,3,10,7,1
8.76,2,4,1,5,1
7.55,11,0,5,3,0
9.75,14,4,11,1,1
6.55,12,1,6,3,1
7.36,10,4,11,4,1
6.45,11,0,8,4,0
9.7,10,1,2,4,1
9.51,10,4,9,6,1
7.03,7,3,2,6,1
8.64,9,1,6,0,1
9.27,12,1,3,6,1
8.22,14,3,7,7,1
8.12,2,2,6,1,1
6.97,11,0,4,5,1
6.37,5,2,6,5,0
9.59,2,4,2,0,1
9.6,9,3,11,6,1
8.53,2,2,1,7,1
7.36,4,1,5,3,0
7.4,14,4,1,0,1
8.9,5,4,2,7,1
9.59,9,2,5,3,1
9.55,7,2,4,7,1
9.12,11,3,7,3,1
8.57,13,0,8,2,1
6.34,8,2,10,7,1
6.65,9,2,2,5,1
9.59,3,1,11,4,1
8.43,14,4,9,6,1
6.04,11,0,2,3,0
6.41,12,1,2,2,0
8.65,9,3,5,7,1
6.02,4,3,0,5,0
6.64,8,2,6,4,1
8.19,4,2,11,3,1
8.77,8,3,0,7,1
8.61,12,2,4,7,1
6.9,13,0,9,3,1
8.85,14,2,7,0,1
6.95,3,4,3,0,0
7.3,11,2,4,5,1
8.99,7,1,3,4,1
8.6,4,0,11,3,1
9.4,4,1,11,5,1
8.63,10,1,3,5,1
8.27,8,4,11,1,1
6.37,6,0,7,7,1
7.47,13,0,1,6,1
7.06,11,0,0,7,0
6.98,8,0,2,0,0
9.89,10,0,8,4,1
7.57,2,4,3,7,1
9.57,8,2,9,3,1
8.52,7,1,4,5,1
9.18,11,0,1,3,1
8.01,13,2,3,1,1
8.31,10,2,1,4,1
7.97,2,1,1,5,0
6.78,14,4,3,3,1
8.89,5,3,5,0,1
7.12,10,3,6,6,1
6.1,5,2,9,1,0
8.58,11,1,2,4,1
6.71,4,3,2,1,0
9.76,10,2,9,0,1
9.82,14,4,5,4,1
9.66,3,3,11,1,1
7.48,5,2,2,2,0
6.06,7,2,1,0,0
9.71,3,0,7,0,1
7.71,9,4,4,0,1
9.87,9,0,0,2,1
9.85,2,1,2,2,0
9.41,13,0,9,3,1
7.18,4,0,7,5,0
7.54,11,3,3,6,1
9.4,10,2,6,1,1
7.27,6,4,9,3,1
6.68,7,0,11,1,1
8.23,5,4,1,6,1
9.74,11,0,6,5,1
8.78,3,1,4,2,1
8.28,12,0,4,5,1
6.39,9,3,5,2,1
8.46,12,2,8,6,1
9.96,14,1,5,5,1
6.56,7,0,11,3,1
8.07,6,4,7,4,1
9.51,10,1,6,3,1
8.96,2,1,8,1,1
8.79,6,0,3,3,0
8.81,7,1,1,6,1
7.44,6,4,6,0,1
7.17,7,1,5,1,0
9.24,7,4,0,5,1
9.24,8,0,10,1,1
9.47,5,2,8,4,1
9.65,12,1,8,2,1
8.05,9,2,11,5,1
8.01,8,4,1,7,1
9.19,10,1,2,1,1
8.6,8,3,4,5,1
8.81,4,2,4,5,1
9.18,4,1,0,5,1
9.56,9,2,7,2,1
7.35,6,1,11,7,1
7.5,5,0,7,6,1
6.38,9,2,3,3,1
8.31,7,3,6,5,1
6.14,3,3,10,0,0
7.86,5,4,9,6,1
8.17,13,1,2,4,1
7.15,12,2,5,2,1
8.36,5,4,9,1,1
6.12,7,2,9,2,0
6.15,7,1,11,1,0
9.29,2,3,8,2,1
7.44,9,0,0,1,0
6.51,7,3,4,5,1
8.09,4,4,3,3,1
9.08,10,0,7,1,1
6.86,3,4,10,7,1
8.49,12,1,11,1,1
6.34,9,0,0,0,0
6.21,11,4,8,1,1
8.13,4,1,5,0,0
8.16,14,3,3,4,1
8.55,13,1,11,5,1
8.9,6,2,8,0,1
9.9,7,1,10,3,1
8.07,11,1,4,6,1
7.29,7,2,4,5,1
9.18,5,4,11,0,1
7.08,4,4,4,5,1
7.76,5,1,0,7,1
6.31,2,2,0,5,0
6.1,5,2,7,5,0
9.85,2,3,11,4,1
9.34,13,4,7,3,1
8.78,2,0,11,2,1
7.64,11,4,5,2,1
6.69,7,4,11,0,1
6.63,6,3,10,5,1
7.0,12,0,3,0,0
8.2,5,3,1,4,1
8.86,14,0,1,4,1
8.64,12,1,8,1,1
7.12,4,0,4,7,0
9.82,2,3,3,4,1
8.95,7,4,9,1,1
8.22,3,0,0,3,0
8.45,9,0,6,0,1
7.68,11,2,2,6,1
6.99,6,4,5,3,1
7.42,8,1,4,4,0
9.03,11,3,4,3,1
6.06,13,1,10,3,1
6.46,3,4,4,7,1
6.18,14,0,0,7,0
6.16,9,0,0,7,0
9.42,3,4,2,3,1
8.81,5,0,11,4,1
7.9,2,0,9,6,1
6.39,6,0,3,5,0
7.97,10,3,4,3,1
7.89,2,3,1,1,1
6.69,10,2,7,4,1
7.74,12,1,10,3,1
7.59,9,4,10,6,1
8.46,7,4,1,5,1
8.54,8,4,8,7,1
6.18,4,2,1,4,0
7.5,2,3,8,2,0
8.5,6,2,6,5,1
8.01,13,4,7,1,1
9.43,13,1,10,3,1
8.63,3,0,1,6,0
6.65,6,3,6,2,1
6.28,9,3,11,6,1
8.57,12,2,5,2,1
6.11,10,3,3,4,1
8.34,3,4,6,2,1
9.76,13,4,3,1,1
8.3,4,2,1,1,0
7.55,4,4,9,0,1
8.57,2,1,11,1,1
7.83,9,2,6,5,1
8.18,7,1,7,2,1
9.77,13,0,1,1,1
7.54,14,1,4,4,1
9.84,9,0,0,6,1
9.62,12,0,6,7,1
6.78,10,1,7,6,1
6.28,6,2,5,0,0
6.4,13,4,4,6,1
6.07,4,4,5,2,0
6.38,6,0,1,0,0
8.73,6,0,0,2,0
6.28,6,2,6,4,0
7.28,4,3,6,0,0
9.38,12,1,9,3,1
6.09,11,0,10,5,1
9.26,5,4,9,5,1
7.13,10,2,1,2,0
6.47,14,1,1,6,1
8.79,11,2,0,7,1
8.52,10,1,9,7,1
9.51,3,1,7,3,1
8.94,9,0,7,0,1
9.21,9,2,0,3,1
7.13,8,2,11,3,1
6.71,9,4,10,6,1
9.0,4,4,7,7,1
9.23,14,0,8,0,1
9.96,7,0,3,4,1
7.65,2,3,0,6,0
7.49,8,4,0,3,1
9.11,2,1,2,3,0
7.36,10,2,4,4,1
9.72,2,0,4,3,1
9.43,2,2,8,3,1
7.72,8,2,9,3,1
9.0,3,3,11,5,1
9.02,6,4,1,6,1
6.41,9,0,1,1,0
9.61,9,2,5,6,1
8.02,4,0,8,4,1
9.31,8,1,0,3,1
7.28,4,3,8,6,1
9.58,7,1,8,5,1
7.56,7,0,8,7,1
6.04,4,0,4,4,0
9.62,8,4,8,2,1
6.37,4,2,10,6,1
7.28,9,2,3,2,1
9.8,11,1,1,3,1
9.8,5,3,5,5,1
8.29,14,2,3,5,1
8.53,2,4,5,6,1
7.79,5,1,2,4,1
7.17,8,1,5,4,1
7.31,12,4,1,5,1
8.69,5,3,1,4,1
9.01,14,4,8,5,1
9.17,7,3,6,6,1
9.16,10,4,2,1,1
6.36,2,4,10,5,1
7.98,14,0,0,2,1
6.23,6,1,7,4,1
8.2,12,4,5,5,1
7.77,8,4,6,5,1
9.55,2,2,8,6,1
7.4,5,1,4,4,0
6.47,7,2,0,1,0
6.57,3,1,11,6,1
9.05,11,2,9,1,1
8.47,6,4,6,7,1
6.4,12,4,4,6,1
6.34,11,0,2,4,0
8.8,2,2,11,0,1
6.29,7,3,8,4,0
9.29,7,0,0,4,1
8.82,14,2,0,1,1
6.33,5,2,0,1,0
6.34,14,0,2,4,0
9.95,9,4,11,4,1
7.5,5,2,5,4,1
7.48,9,4,9,1,1
9.25,14,0,10,4,1
9.79,9,4,2,4,1
9.94,6,1,7,7,1
9.01,14,3,9,3,1
7.51,5,2,1,0,0
6.33,13,3,8,2,1
9.11,14,4,2,0,1
8.23,3,2,4,3,0
7.7,12,4,9,2,1
9.63,4,1,7,6,1
6.44,4,0,1,4,0
7.97,5,2,5,3,1
6.05,5,1,11,7,1
7.87,11,1,4,6,1
6.23,12,2,9,4,1
6.48,12,4,8,1,1
6.47,6,1,11,5,1
8.6,5,3,4,3,1
8.98,12,1,1,1,0
8.33,11,4,4,3,1
9.85,9,4,11,7,1
7.5,7,3,3,3,1
7.14,7,1,10,1,1
9.47,9,4,6,7,1
6.89,8,2,5,2,1
9.85,11,0,1,0,1
6.05,12,0,11,4,1
9.88,13,0,10,3,1
6.17,11,1,10,4,0
9.56,14,3,4,5,1
8.11,9,4,6,1,1
9.97,3,2,10,4,1
6.3,10,2,6,1,0
8.22,2,1,4,4,1
9.88,9,0,11,0,1
8.09,13,1,8,0,1
8.52,12,3,3,7,1
8.78,13,3,10,0,1
7.82,13,4,2,7,1
8.51,5,4,3,0,1
8.34,5,3,4,0,1
9.6,6,3,5,0,1
6.18,9,3,2,1,0
7.12,6,1,1,3,0
9.8,9,3,3,7,1
9.56,11,2,4,4,1
7.82,2,0,3,0,0
8.48,13,3,10,1,1
7.11,11,0,11,1,1
6.75,10,1,2,1,0
7.85,7,0,7,7,1
7.41,4,1,9,3,1
8.33,14,2,3,7,1
6.31,9,1,1,4,0
9.9,10,1,1,3,1
9.94,7,4,0,2,1
